{"is_source_file": true, "format": "JavaScript (React JSX)", "description": "This file defines a React functional component 'App' that manages a theme toggle (light/dark) using React hooks, and renders a UI with a toggle button, logo, instructional text, and a link.", "external_files": ["./logo.svg", "./App.css"], "external_methods": ["React.useState", "React.useEffect"], "published": ["App"], "classes": [], "methods": ["App", "toggleTheme"], "calls": ["React.useState", "React.useEffect", "document.documentElement.setAttribute", "setTheme"], "search-terms": ["React", "useState", "useEffect", "theme toggle", "dark mode", "light mode", "App component", "JSX"], "state": 2, "file_id": 6, "knowledge_revision": 13, "git_revision": "6c3e4acde8c878986fe256d77e6e7c3e63e8d741", "ctags": [{"_type": "tag", "name": "App", "path": "/home/kavia/workspace/code-generation/connectchat-213994-214005/communication_frontend/src/App.js", "pattern": "/^function App() {$/", "language": "JavaScript", "kind": "function", "signature": "()"}, {"_type": "tag", "name": "Switch to ${theme === 'light' ? 'dark' : 'light'} mode", "path": "/home/kavia/workspace/code-generation/connectchat-213994-214005/communication_frontend/src/App.js", "pattern": "/^          aria-label={`Switch to ${theme === 'light' ? 'dark' : 'light'} mode`}$/", "language": "JavaScript", "kind": "field", "scope": "App.aria", "scopeKind": "class"}, {"_type": "tag", "name": "toggleTheme", "path": "/home/kavia/workspace/code-generation/connectchat-213994-214005/communication_frontend/src/App.js", "pattern": "/^          onClick={toggleTheme}$/", "language": "JavaScript", "kind": "field", "scope": "App.onClick", "scopeKind": "class"}], "hash": "b55dd9e6a018e59207d8e277dffd9e11", "format-version": 4, "code-base-name": "communication_frontend", "filename": "communication_frontend/src/App.js"}