{"is_source_file": false, "format": "", "description": "", "external_files": [], "external_methods": [], "published": [], "classes": [], "methods": [], "calls": [], "search-terms": [], "state": 2, "file_id": 7, "knowledge_revision": 18, "git_revision": "6c3e4acde8c878986fe256d77e6e7c3e63e8d741", "hash": "d9d975cebe2ec20b6c652e1e4c12ccf0", "format-version": 4, "code-base-name": "communication_frontend", "filename": "communication_frontend/public/manifest.json", "revision_history": [{"18": "6c3e4acde8c878986fe256d77e6e7c3e63e8d741"}]}