{"is_source_file": false, "format": "", "description": "", "external_files": [], "external_methods": [], "published": [], "classes": [], "methods": [], "calls": [], "search-terms": [], "state": 2, "file_id": 11, "knowledge_revision": 19, "git_revision": "6c3e4acde8c878986fe256d77e6e7c3e63e8d741", "hash": "ebece526bc2eadd78ddd787a76c56607", "format-version": 4, "code-base-name": "communication_frontend", "filename": "communication_frontend/README.md", "revision_history": [{"19": "6c3e4acde8c878986fe256d77e6e7c3e63e8d741"}]}