{"is_source_file": true, "format": "JavaScript (ES Module, .mjs)", "description": "This file is an ESLint configuration module in JavaScript, exporting an array of configuration objects for linting rules, plugin integrations, and environment settings.", "external_files": ["@eslint/js", "eslint-plugin-react"], "external_methods": [], "published": [], "classes": [], "methods": [], "calls": ["pluginJs", "pluginReact"], "search-terms": ["eslint", "eslint.config.mjs", "eslint plugin", "rules", "ecmaVersion", "jsx", "globals", "plugins", "configuration"], "state": 2, "file_id": 9, "knowledge_revision": 24, "git_revision": "6c3e4acde8c878986fe256d77e6e7c3e63e8d741", "hash": "be6538e7523bc2e9da0743133d784136", "format-version": 4, "code-base-name": "communication_frontend", "filename": "communication_frontend/eslint.config.mjs", "revision_history": [{"24": "6c3e4acde8c878986fe256d77e6e7c3e63e8d741"}]}