{"is_source_file": true, "format": "JavaScript", "description": "This file initializes the React application by rendering the main App component into the DOM. It sets up the root rendering context and wraps the application in React.StrictMode.", "external_files": ["./App", "./index.css"], "external_methods": ["ReactDOM.createRoot", "root.render"], "published": ["React", "ReactDOM", "root"], "classes": [], "methods": [{"name": "ReactDOM.createRoot", "description": "Creates a root to render a React application into a DOM container."}, {"name": "root.render", "description": "Renders the given React elements into the root."}], "calls": ["ReactDOM.createRoot", "root.render"], "search-terms": ["React", "ReactDOM", "render", "index", "index.js", "React.StrictMode"], "state": 2, "file_id": 2, "knowledge_revision": 23, "git_revision": "6c3e4acde8c878986fe256d77e6e7c3e63e8d741", "ctags": [{"_type": "tag", "name": "root", "path": "/home/kavia/workspace/code-generation/connectchat-213994-214005/communication_frontend/src/index.js", "pattern": "/^const root = ReactDOM.createRoot(document.getElementById('root'));$/", "language": "JavaScript", "kind": "constant"}], "hash": "9fc5841375336fc175b49f8767a11383", "format-version": 4, "code-base-name": "communication_frontend", "filename": "communication_frontend/src/index.js", "revision_history": [{"23": "6c3e4acde8c878986fe256d77e6e7c3e63e8d741"}]}