{"is_source_file": false, "format": "", "description": "", "external_files": [], "external_methods": [], "published": [], "classes": [], "methods": [], "calls": [], "search-terms": [], "state": 2, "file_id": 3, "knowledge_revision": 14, "git_revision": "6c3e4acde8c878986fe256d77e6e7c3e63e8d741", "hash": "6c2104b8d219ed99234ae2d6329f4357", "format-version": 4, "code-base-name": "communication_frontend", "filename": "communication_frontend/src/index.css", "revision_history": [{"14": "6c3e4acde8c878986fe256d77e6e7c3e63e8d741"}]}