{"is_source_file": false, "format": "", "description": "", "external_files": [], "external_methods": [], "published": [], "classes": [], "methods": [], "calls": [], "search-terms": ["CSS", "theme", "App", "header", "button", "media queries", "variables"], "state": 2, "file_id": 5, "knowledge_revision": 16, "git_revision": "6c3e4acde8c878986fe256d77e6e7c3e63e8d741", "hash": "22f9e17cc1848b56dbb244518ac2707e", "format-version": 4, "code-base-name": "communication_frontend", "filename": "communication_frontend/src/App.css", "revision_history": [{"16": "6c3e4acde8c878986fe256d77e6e7c3e63e8d741"}]}