{"is_source_file": false, "format": "", "description": "", "external_files": [], "external_methods": [], "published": [], "classes": [], "methods": [], "calls": [], "search-terms": [], "state": 2, "file_id": 8, "knowledge_revision": 17, "git_revision": "6c3e4acde8c878986fe256d77e6e7c3e63e8d741", "hash": "d2b40d02d5f7873d8a6713bad837edd4", "format-version": 4, "code-base-name": "communication_frontend", "filename": "communication_frontend/public/index.html", "revision_history": [{"17": "6c3e4acde8c878986fe256d77e6e7c3e63e8d741"}]}