{"is_source_file": false, "format": "", "description": "", "external_files": [], "external_methods": [], "published": [], "classes": [], "methods": [], "calls": [], "search-terms": [], "state": 2, "file_id": 10, "knowledge_revision": 22, "git_revision": "6c3e4acde8c878986fe256d77e6e7c3e63e8d741", "hash": "d001d53c059625c4bcf75bf5a7f3fcf0", "format-version": 4, "code-base-name": "communication_frontend", "filename": "communication_frontend/package.json", "revision_history": [{"22": "6c3e4acde8c878986fe256d77e6e7c3e63e8d741"}]}