{"is_source_file": false, "format": "", "description": "", "external_files": [], "external_methods": [], "published": [], "classes": [], "methods": [], "calls": [], "search-terms": [], "state": 2, "file_id": 1, "knowledge_revision": 20, "git_revision": "6c3e4acde8c878986fe256d77e6e7c3e63e8d741", "ctags": [], "hash": "1a77571e1a8cf36018a41bcedf60db75", "format-version": 4, "code-base-name": "communication_frontend", "filename": "communication_frontend/src/setupTests.js", "revision_history": [{"20": "6c3e4acde8c878986fe256d77e6e7c3e63e8d741"}]}