{"is_source_file": false, "format": "", "description": "", "external_files": [], "external_methods": [], "published": [], "classes": [], "methods": [], "calls": [], "search-terms": [], "state": 2, "file_id": 12, "knowledge_revision": 21, "git_revision": "6af3cd217eb16ae4b1b3cb05faa6e0b225468ab0", "hash": "9d3083b02f8b002f3b9d9d9345ab45c3", "format-version": 4, "code-base-name": "communication_frontend", "filename": "README.md", "revision_history": [{"21": "6af3cd217eb16ae4b1b3cb05faa6e0b225468ab0"}]}